GENE	AH_1	AH_2	AH_3	AH_4	AH_5	AH_6	AH_7	AH_8	AH_9	AH_10	AH_11	AH_12	AH_13	AH_14	AH_15	AH_16	AH_17	AH_18	AH_19	AH_20	AH_21	AH_22	AH_23	AH_24	AH_25	AH_26	AH_27	AH_28	AH_29	AH_30	AH_31	AH_32	AH_33	AH_34	AH_35	AH_36	AH_37	AH_38	AH_39	AH_40	AH_41	AH_42	AH_43	AH_44	AH_45	AH_46	AH_47	AH_48	AH_49	AH_50	AH_51	AH_52	AH_53	AH_54	AH_55	AH_56	AH_57	AH_58	AH_59	AH_60	AH_61	AH_62	AH_63	AH_64	AH_65	AH_66	AH_67	AH_68	AH_69	AH_70	AH_71	AH_72	AH_73	AH_74	AH_75	AH_76	AH_77	AH_78	AH_79	AH_80	AH_81	AH_82	AH_83	AH_84	AH_85	AH_86	AH_87	AH_88	AH_89	AH_90	AH_91	AH_92	AH_93	AH_94	AH_95	AH_96	AH_97	AH_98	AH_99	AH_100	AH_101	AH_102	AH_103	AH_104	AH_105	AH_106	AH_107	AH_108	AH_109	AH_110	AH_111	AH_112	AH_113	AH_114	AH_115	AH_116	AH_117	AH_118	AH_119	AH_120	AH_121	AH_122	AH_123	AH_124	AH_125	AH_126	AH_127	AH_128	AH_129	AH_130
Adcy5	0	0	4	0	0	0	0	0	0	0	0	0	0	0	0	0	0	0	0	0	0	0	0	0	0	0	0	0	0	0	0	0	0	0	0	0	0	0	0	0	0	0	0	0	0	0	0	0	0	0	0	0	0	0	0	0	0	0	0	0	0	0	0	0	0	0	0	0	0	0	0	0	0	0	0	0	0	0	0	0	0	0	0	0	0	0	0	0	0	0	0	0	0	0	0	0	0	0	0	0	0	0	0	0	0	0	0	0	0	0	0	0	0	0	0	0	0	0	0	0	0	0	0	0	0	0	0	0	0	0
Agpat1	2.825	0.152	2.46	2.437	2.756	3.037	1.702	2.914	3.256	2.756	3.658	1.612	1.441	2.808	4.86	3.474	2.228	2.82	2.456	1.568	3.397	4.562	4.755	4.144	5.317	3.142	2.476	4.152	4.646	1.896	5.415	2.508	3.947	5.179	4.518	2.946	3.468	5.749	2.387	5.633	2.954	3.98	6.37	5.96	4.063	6.5	6.278	4.827	5.944	3.414	3.892	3.536	4.951	4.057	6.396	4.302	3.831	5.422	5.882	6.565	5.035	4.89	7.707	4.802	4.248	4.899	7.626	7.369	5.568	4.877	4.451	7.178	6.295	5.386	5.246	7.776	4.885	8.363	5.187	6.856	5.207	5.02	6.332	6.916	7.495	6.618	6.778	9.133	8.495	5.598	8.524	5.737	8.653	8.869	5.8	8.733	8.63	7.223	8.428	9.199	6.686	6.301	6.368	7.001	8.225	8.145	7.122	8.195	7.606	7.988	10.754	7.647	9.986	9.893	9.893	8.329	10.343	9.72	7.853	10.401	10.575	10.343	11.222	10.061	9.953	10.844	10.01	9.596	10.35	9.616
Agpat2	0.014	2.573	2.607	0.577	3.98	2.687	3.551	1.274	1.134	1.109	4.199	4.335	2.733	3.97	1.313	3.238	4.186	2.295	4.438	2.094	4.813	4.779	3.832	2.465	3.67	4.328	3.814	5.523	3.976	2.795	5.783	5.238	5.946	4.853	2.684	3.129	3.035	5.146	2.777	5.148	4.766	6.139	6.06	6.312	4.573	5.215	2.957	4.836	6.605	3.669	5.985	3.864	6.559	6.764	4.562	3.564	3.532	6.717	7.037	7.274	6.385	6.223	6.319	6.484	6.489	7.01	4.37	7.852	6.495	4.989	4.915	6.932	5.836	7.794	6.316	8.363	5.276	8.046	5.706	6.256	5.072	5.923	7.505	6.638	5.797	8.707	5.872	7.17	0.073	8.73	8.417	6.812	6.729	9.429	6.844	9.108	7.175	9.236	8.591	8.036	7.597	10.009	8.891	8.142	9.902	8.635	8.355	9.598	8.494	7.53	10.201	7.114	7.253	7.471	10.749	9.233	9.149	7.737	7.926	9.163	10.262	7.531	11.074	10.928	8.079	11.498	9.087	11.089	8.215	8.184
Agpat3	8.44	11.483	10.497	11.361	10.558	11.581	9.825	10.72	8.645	8.889	8.987	7.58	7.97	10.948	8.983	9.853	9.167	9.435	9.594	9.571	9.936	9.465	6.727	10.472	7.375	8.408	9.131	7.705	6.569	7.125	7.366	6.531	8.21	6.79	7.65	7.99	6.887	8.972	9.158	6.186	5.81	6.717	5.44	8.711	8.951	6.262	7.928	5.406	6.396	6.804	8.214	6.879	5.43	6.657	6.34	5.731	7.798	6.972	6.509	5.462	4.921	5.28	5.767	5.116	7.481	6.45	6.94	4.469	3.884	6.69	6.611	7.185	4.247	4.471	7.265	4.659	4.636	3.269	4.215	4.844	5.248	5.215	6.545	4.954	3.581	4.449	5.481	3.309	3.28	3.203	5.19	5.838	4.99	4.004	4.7	4.207	2.694	5.119	5.464	3.054	1.85	4.571	3.416	4.649	2.225	4.494	4.091	2.724	1.479	3.833	3.088	4.664	3.128	3.962	2.764	2.539	1.957	1.903	4.273	2.761	4.281	2.475	1.351	1.795	0.698	2.804	3.922	0.714	2.777	2.179
Agtr1	6	6	6	6	6	6	6	6	6	6	6	6	4	4	5	5	8	6	6	6	6	6	6	6	6	5	4	6	6	6	4	6	6	6	4	6	7	6	6	4	6	6	8	7	5	6	6	5	6	6	6	6	6	6	8	7	6	7	7	6	6	6	7	6	5	6	8	7	6	6	7	5	6	7	6	8	6	7	6	6	5	6	2	6	6	3	6	4	6	5	6	7	6	9	6	9	6	7	6	6	5	6	6	2	6	4	6	9	6	6	6	7	6	6	6	5	6	6	6	3	6	6	6	3	6	6	6	5	6	6
Aifm1	0	0	5	0	0	0	0	0	0	0	0	0	0	0	0	0	0	0	0	0	0	0	0	0	0	0	0	0	0	0	0	0	0	0	0	0	0	0	0	0	0	0	0	0	0	0	0	0	0	0	0	0	0	0	0	0	0	0	0	0	0	0	0	0	0	0	0	0	0	0	0	0	0	0	0	0	0	0	0	0	0	0	0	0	0	0	0	0	0	0	0	0	0	0	0	0	0	0	0	0	0	0	0	0	0	0	0	0	0	0	0	0	0	0	0	0	0	0	0	0	0	0	0	0	0	0	0	0	0	0
Apex1	0	0	5	0	0	0	0	0	0	0	0	0	0	0	0	0	0	0	0	0	0	0	0	0	0	2	2	2	2	2	2	2	2	2	2	2	2	2	2	2	2	2	2	2	2	2	2	2	2	2	2	2	2	2	2	2	2	2	2	2	2	2	2	2	2	2	2	2	2	2	2	2	2	2	2	2	2	0	0	0	0	0	0	0	0	0	0	0	0	0	0	0	0	0	0	0	0	0	0	0	0	0	0	0	0	0	0	0	0	0	0	0	0	0	0	0	0	0	0	0	0	0	0	0	0	0	0	0	0	0
Apoc3	1	1	1	1	1	1	1	1	1	1	1	1	1	1	1	1	1	1	1	1	1	1	1	1	1	1	1	1	1	1	1	1	1	1	1	1	1	1	1	1	1	1	1	1	1	1	1	1	1	1	1	1	1	1	1	1	1	1	1	1	1	1	1	1	1	1	1	1	1	1	1	1	1	1	1	1	1	1	1	1	1	1	1	1	1	1	1	1	1	1	1	1	1	1	1	1	1	1	1	1	1	1	1	1	1	1	1	1	1	1	1	1	1	1	1	1	1	1	1	1	1	1	1	1	1	1	1	1	1	1
Apoe	0	0	4	0	3	0	5	5	5	5	5	5	5	5	5	5	5	5	5	5	5	5	5	5	5	5	5	5	5	5	5	5	5	5	5	5	5	5	5	5	5	5	5	5	5	5	5	5	5	5	5	5	5	5	5	5	5	5	5	5	5	5	5	5	5	5	5	5	5	5	5	5	5	5	5	5	5	5	5	5	5	5	5	5	5	5	4	4	4	4	4	4	4	4	4	4	4	4	4	4	4	4	4	4	4	4	4	4	4	4	4	4	4	3	3	3	3	3	3	3	3	3	3	3	3	3	3	3	3	0
